1000,Diana,Clark,1200 Alyssa Squares,1989-02-13,2019-04-23,,True
1001,Jennifer,Smith,397 Diana Ferry,1976-08-10,2019-11-01,2020-09-01,True
1002,Karen,Smith,644 Brittany Row Apt. 097,1998-08-10,2022-02-04,,True
1003,Bryan,Roberts,996 Dickerson Turnpike,1999-03-29,2019-08-26,,False
1004,Jesse,Middleton,7009 Nathan Expressway,1969-04-11,2019-09-14,,True
1005,Christine,Rodriguez,224 Washington Mills Apt. 467,1974-08-27,2020-03-24,,False
1006,Alicia,Taylor,1137 Angela Locks,2004-01-30,2020-11-27,2021-12-01,True
1007,Benjamin,Fernandez,979 Phillips Ways,1988-01-11,2016-12-11,,False
1008,John,Crawford,7691 Evans Court,1987-02-21,2021-03-28,2021-07-01,True
1009,Victoria,Ritter,9922 Jim Crest Apt. 319,1981-02-07,2020-06-12,2021-11-01,True
1010,Tracy,Austin,92973 Mary Ville,1996-04-07,2019-12-27,,True
1011,Jessica,Mcgee,950 Grimes Burg Apt. 679,1984-12-29,2017-05-20,,True
1012,Heather,Fisher,65532 Davis Springs Apt. 363,1980-10-20,2021-10-16,,True
1013,Timothy,Jones,7757 Johnston Roads,1985-07-10,2020-12-28,2021-11-01,True
1014,Jennifer,Martin,501 Arellano Land,1989-12-04,2017-11-24,,True
1015,Christopher,Silva,3710 Rodriguez Glen Apt. 324,2001-07-25,2017-07-10,,True
1016,Andrew,Jones,72226 Casey Square,1991-12-13,2022-02-02,,True
1017,William,Lawson,40395 Terrell Parks,1981-04-17,2019-03-11,,True
1018,Shelly,Briggs,3514 Leslie Vista,1986-09-02,2021-07-25,,False
1019,Tina,Garcia,00348 Brandi Parks Suite 405,1997-05-03,2021-07-10,2022-01-01,False
1020,Chad,Perez,3718 Raymond Meadows Suite 513,1985-01-28,2020-01-16,,True
1021,Matthew,Cook,461 Stewart Square,1978-07-08,2019-09-23,2021-11-01,False
1022,Christina,Jackson,94757 Parrish Flats Apt. 339,1974-06-25,2018-10-06,,True
1023,Sonya,Crawford,07681 Christine Neck,1993-06-19,2018-12-25,,True
1024,Mary,Anderson,546 Smith Roads Apt. 088,2000-04-17,2021-03-24,,True
1025,Bill,Gregory,5182 Michelle Place Apt. 142,2004-12-06,2020-05-01,,False
1026,Diamond,Pollard,57571 Bowman Fall,1989-01-14,2021-11-25,,True
1027,Breanna,Campbell,31995 Pham Fork Apt. 606,1986-04-04,2021-11-12,,False
1028,Peter,Miller,36050 Khan Drive Suite 543,1988-02-02,2019-09-03,,False
1029,Jose,Morgan,5555 Melissa Freeway Apt. 083,2002-07-30,2020-10-12,2021-08-01,False
1030,Jeremy,Roberts,2722 Kaitlin Street Suite 253,2000-05-13,2021-02-09,,True
1031,Eric,Kelly,47822 Darrell Green,1986-07-04,2018-08-16,,True
1032,Zachary,Hunter,364 Shane Vista Apt. 727,1985-04-10,2017-01-21,,True
1033,Bruce,Williams,414 Flores Bypass Apt. 047,1982-03-11,2021-07-28,,True
1034,Christy,Cobb,9001 Carrie Alley,1988-12-30,2020-03-08,,False
1035,Troy,Hess,4488 Martinez Shores Suite 012,2002-11-13,2020-08-07,,True
1036,Lawrence,Ryan,4724 Wyatt Trail,1993-10-23,2021-11-04,2021-11-01,True
1037,Katherine,Mcgee,532 Perry Land,1978-04-29,2017-01-28,,True
1038,Donna,Davila,52363 Shannon Glen,1984-05-26,2018-01-01,,True
1039,Keith,Miller,97840 Carla Loaf,1985-10-08,2021-12-14,,True
1040,Matthew,Watts,323 Matthew Flats,1996-12-24,2014-11-26,,True
1041,Shannon,Hardy,8022 Derrick Squares Apt. 303,1969-05-23,2015-12-13,,True
1042,Michael,Young,6803 Carter Court Apt. 453,1972-11-12,2017-10-11,,True
1043,Brian,Long,2657 Mccall Lane Apt. 502,1987-05-06,2014-12-20,,True
1044,Michael,Delgado,92906 Jenkins Harbors Suite 482,1996-10-13,2021-07-16,,True
1045,Paul,Miller,518 Travis Gateway,2004-05-24,2020-03-05,,True
1046,Brianna,Flores,351 Bill Curve,2005-11-09,2020-07-08,,True
1047,Kimberly,Delgado,2639 Ronald Summit Apt. 385,1988-10-29,2021-02-23,2021-03-01,True
1048,Mitchell,Gonzalez,1028 Frederick Courts,1987-11-20,2017-03-26,2018-08-01,True
1049,Amanda,Stanley,0840 Harper Extension,1994-07-03,2020-03-05,,True
1050,Chelsea,Mcclure,052 Turner Turnpike,2003-10-27,2020-04-22,2020-08-01,False
1051,Tony,Anderson,19355 Corey Run Apt. 304,1981-07-25,2021-01-14,,False
1052,Leslie,Cortez,89828 Davis Course,1987-02-22,2014-03-21,,False
1053,Julia,Lopez,385 Snow Crossing Apt. 158,1985-10-25,2018-05-16,,True
1054,Cynthia,Bailey,1105 Wright Cape,1990-07-11,2015-11-27,2018-09-01,True
1055,Jamie,Jones,2345 Elizabeth Viaduct Apt. 833,1993-09-27,2021-09-22,,False
1056,Heidi,Ramos,81917 Jonathan Forks Apt. 219,1983-10-19,2014-12-05,,False
1057,Edward,Strickland,2664 Amy Shoal Suite 963,1988-06-10,2014-09-23,,False
1058,Raymond,Fitzgerald,2712 Jennifer Key Apt. 589,1999-03-21,2021-11-29,2021-12-01,True
1059,Matthew,Cooper,3404 Strickland Squares,2002-08-15,2022-01-14,,True
1060,Anthony,Summers,769 Sandra Cove Suite 703,1989-11-24,2017-12-19,2018-01-01,True
1061,Mark,Watson,7524 Ferrell Junction,1976-05-15,2021-04-27,,True
1062,Jenna,Maldonado,879 Santos Crossroad,1986-04-05,2019-03-12,,True
1063,Sharon,Small,9744 Harris Glens Suite 963,1990-02-21,2021-01-19,,True
1064,Julia,Smith,023 Larry Knolls,1986-08-03,2021-03-25,,True
1065,Rebecca,Mccormick,4912 Smith Alley Suite 257,1983-07-18,2017-07-13,,False
1066,Pamela,Hess,32122 Bishop Hills,1998-05-01,2021-03-01,,False
1067,Robert,Harvey,98732 James Locks Apt. 629,1987-07-10,2021-04-27,2021-07-01,False
1068,Charles,Garza,0075 Sean Meadow Apt. 198,1987-12-24,2022-01-04,,False
1069,Christine,Cooper,9019 Woodard Isle Apt. 881,1985-12-16,2019-07-03,2019-08-01,False
1070,Christine,Gonzalez,405 Lindsey Lodge,1983-09-07,2020-09-11,,True
1071,Joshua,Benson,7331 Beth Well,1981-07-16,2021-05-31,,True
1072,Sergio,Black,31539 Andrew Freeway Suite 107,1993-09-14,2013-02-10,2021-07-01,False
1073,April,Mitchell,30567 Edward Wall Suite 740,2001-11-28,2020-08-28,,True
1074,Alicia,Young,55322 Kyle Forge,1980-01-07,2020-11-27,,True
1075,Michael,Delgado,846 Campbell Stravenue,1995-04-18,2022-01-17,,False
1076,David,Lewis,189 Deborah Estates,1991-11-13,2019-12-26,,True
1077,Hailey,Green,210 Pearson Extensions Suite 985,1966-09-20,2021-12-05,2021-12-01,True
1078,Tyler,Chaney,1974 Huang Mountain Apt. 576,2001-03-05,2020-04-06,,True
1079,Ryan,Jackson,946 Mccann Wells,1997-10-08,2021-12-04,2021-12-01,True
1080,Linda,Obrien,7028 Mcknight Drive Suite 828,1980-04-10,2019-04-30,2021-02-01,True
1081,Raymond,Wang,35233 Griffin Ranch Suite 804,1993-01-26,2019-10-31,,True